name,link
Cape Wrath,https://www.fragrantica.com/perfume/BeauFort-London/Cape-Wrath-97424.html
Pyroclasm,https://www.fragrantica.com/perfume/BeauFort-London/Pyroclasm-97425.html
The Grudge,https://www.fragrantica.com/perfume/BeauFort-London/The-Grudge-97423.html
1805 Tonnerre,https://www.fragrantica.com/perfume/BeauFort-London/1805-Tonnerre-33796.html
Coeur De Noir,https://www.fragrantica.com/perfume/BeauFort-London/Coeur-De-Noir-33795.html
Fathom V,https://www.fragrantica.com/perfume/BeauFort-London/Fathom-V-40732.html
Lignum Vitae,https://www.fragrantica.com/perfume/BeauFort-London/Lignum-Vitae-38893.html
Vi Et Armis,https://www.fragrantica.com/perfume/BeauFort-London/Vi-Et-Armis-36247.html
Absent Presence,https://www.fragrantica.com/perfume/BeauFort-London/Absent-Presence-87638.html
Acrasia,https://www.fragrantica.com/perfume/BeauFort-London/Acrasia-77215.html
Iron Duke,https://www.fragrantica.com/perfume/BeauFort-London/Iron-Duke-46598.html
Rake & Ruin,https://www.fragrantica.com/perfume/BeauFort-London/Rake-Ruin-51540.html
Terror & Magnificence,https://www.fragrantica.com/perfume/BeauFort-London/Terror-Magnificence-57012.html
